,US10Y,FEDFUNDS,DXY,OIL,USDINR,US_M2,ECB_ASSETS,US10Y_CHG,FEDFUNDS_CHG,DXY_RET,OIL_RET,USDINR_RET,US_M2_GROWTH,ECB_LIQ_GROWTH,GLOBAL_LIQUIDITY,LIQ_Z,LIQ_Z_ROLL,REGIME,GLOBAL_LIQ_SMOOTH,GLOBAL_LIQ_LEVEL,NIFTY
2007-09-30,4.59,4.94,77.72000122070312,81.66000366210938,39.57500076293945,7331.3,1250396.0,0.009999999999999787,0.0,-0.007914158107863334,-0.014720000382942633,-0.0019670419698472053,0.0,0.051121275270409994,0.025560637635204997,6.796804146102792,1.8024614812890134,1,0.0005049710905613014,1257727.3,5021.35009765625
2007-10-31,4.48,4.76,76.4800033569336,94.52999877929688,39.17399978637695,7370.8,1263504.0,0.08000000000000007,0.0,-0.003777429970214796,0.04591725660538204,-0.0034597197192282048,0.0,0.0,0.0,-0.0795951505469653,1.8066190601015133,1,0.0006127531147410455,1270874.8,5900.64990234375
2007-11-30,3.97,4.49,76.1500015258789,88.70999908447266,39.45500183105469,7456.3,1297266.0,0.03000000000000025,0.0,0.0074084563450040886,-0.02527198107648665,-0.0029818316773224662,0.0,0.009134803500209676,0.004567401750104838,1.149140948691816,1.9756432848967613,1,0.00075691177332211,1304722.3,5762.75
2007-12-31,4.04,4.24,76.69999694824219,95.9800033569336,39.244998931884766,7526.4,1511244.0,-0.07000000000000028,0.0,0.006297503540431348,-0.0002082983652750281,0.0,0.001676914477361624,0.0,0.000838457238680812,0.1459691271764763,3.2792223977664867,1,0.0019251892585524706,1518770.4,6138.60009765625
2008-01-31,3.67,3.94,75.18000030517578,91.75,39.31399917602539,7483.4,1337542.0,-0.10999999999999988,0.0,0.001999220689315795,-0.006281834935040531,-0.0008387156820733876,0.0,0.0,0.0,-0.0795951505469653,1.7859312347215588,1,0.0007935425061085595,1345025.4,5137.4501953125
2008-02-29,3.53,2.98,73.70999908447266,101.83999633789062,39.90999984741211,7604.4,1336758.0,-0.18000000000000016,0.0,-0.00013567737472663932,-0.007310654320815013,0.0023608084904414017,0.0,-0.0015804325126934637,-0.0007902162563467319,-0.29218149470998295,1.6775571781838348,1,0.0005716480297767797,1344362.4,5223.5
2008-03-31,3.45,2.61,71.80000305175781,101.58000183105467,39.88899993896485,7747.1,1390804.0,-0.020000000000000018,0.0,0.0016741454530011524,-0.03825033905008213,0.00691652780231955,0.0011889530751238997,0.0,0.0005944765375619498,0.08033270818279956,1.9540575170070067,1,0.0008784358178353084,1398551.1,4734.5
2008-04-30,3.77,2.28,72.51000213623047,113.45999908447266,40.38600158691406,7684.3,1405859.0,-0.08000000000000007,0.0,-0.00521329752503652,-0.01876674064247763,0.0021340533866418543,0.0,0.0,0.0,-0.0795951505469653,1.9264452858085266,1,0.0006128443157787683,1413543.3,5165.89990234375
2008-05-31,4.06,1.98,72.87999725341797,127.3499984741211,42.53099822998047,7707.7,1423245.0,-0.020000000000000462,0.0,-0.0019172746656340722,0.005765248078536844,-0.0033977050853484236,0.0,-0.0003876957178586826,-0.0001938478589293413,-0.13174468217534924,1.9235431519117798,1,0.0006193174399833264,1430952.7,4870.10009765625
2008-06-30,3.99,2.0,72.45999908447266,140.0,42.85200119018555,7713.2,1462710.0,0.0,0.0,0.0013819578949365585,-0.0014978011825914628,0.003207328505402174,-0.000608973943689306,0.0,-0.000304486971844653,-0.16150914772158212,2.042136978203879,1,0.00047630371963303943,1470423.2,4040.550048828125
2008-07-31,3.99,2.01,73.2300033569336,124.08000183105467,42.43399810791016,7721.8,1450899.0,-0.08000000000000007,0.0,-0.0012274459665195803,-0.021219491072368535,0.000542284081844091,0.0,0.0,0.0,-0.0795951505469653,1.8194494261956276,1,0.0003734330433485663,1458620.8,4332.9501953125
2008-08-31,3.83,2.0,77.37999725341797,115.45999908447266,43.625,7725.0,1449139.0,0.040000000000000036,0.0,0.0029811500063536833,-0.0011246410376030136,-0.0005727726232513941,0.0,0.009883222981594608,0.004941611490797304,1.249811973977705,1.6923432023651477,1,0.00024267486788889792,1456864.0,4360.0
2008-09-30,3.85,1.81,79.44999694824219,100.63999938964844,46.60100173950195,7870.7,1518548.0,0.2400000000000002,0.0,0.02555822507215777,0.04430835863204163,0.0023229670899593824,0.0,0.0,0.0,-0.0795951505469653,2.0014026109375966,1,0.0007456291858236837,1526418.7,3921.199951171875
2008-10-31,4.01,0.97,85.62999725341797,67.80999755859375,49.40299987792969,7902.2,2031447.0,0.009999999999999787,0.0,0.012653733747837403,0.02804727865068446,0.0006481840839707154,0.0,0.037424342394202004,0.018712171197101002,4.954409192181679,3.946720320486488,1,0.003133428933886359,2039349.2,2885.60009765625
2008-11-30,2.93,0.39,86.5199966430664,54.43000030517578,49.869998931884766,8015.5,1979051.0,-0.06000000000000005,0.0,0.009921775327283777,-0.00018365763749850217,0.017879729353789786,0.0,0.002568413779058698,0.001284206889529349,0.26588603337114347,3.0763426941805703,1,0.003055308058863132,1987066.5,2755.10009765625
2008-12-31,2.25,0.16,81.30999755859375,44.599998474121094,48.064998626708984,8277.4,2043465.0,0.14000000000000012,0.0,0.005067936031913245,0.14271073197621464,-0.007946380395621455,0.0,0.0,0.0,-0.0795951505469653,2.8630055973063846,1,0.0016937738331717818,2051742.4,2959.14990234375
2009-01-31,2.87,0.15,86.0,41.68000030517578,48.733001708984375,8249.6,1906979.0,0.0,0.0,0.008442791170371278,0.005791546486975774,-0.0028645547951086092,0.0,-0.0651142588068726,-0.0325571294034363,-8.838211618798816,2.121223474151367,1,0.00020049237669771496,1915228.6,2874.800048828125
2009-02-28,3.02,0.22,88.01000213623047,44.7599983215332,50.650001525878906,8308.8,1820268.0,0.040000000000000036,0.0,0.0031915965870614738,-0.01017255388660443,0.009124963556995436,0.0,-0.020505549202932682,-0.010252774601466341,-2.8378272832668507,1.6794065804104048,1,-0.000778571714097719,1828576.8,2763.64990234375
2009-03-31,2.71,0.18,85.43000030517578,49.65999984741211,50.78400039672851,8427.4,1803083.0,-0.020000000000000018,0.0,-0.005124052956010483,0.025821111422019927,-0.0036296840602407787,0.0,0.0,0.0,-0.0795951505469653,1.5154708766532548,1,-0.0011129362400561394,1811510.4,3020.949951171875
2009-04-30,3.16,0.15,84.61000061035156,51.119998931884766,49.1879997253418,8378.7,1823963.0,0.040000000000000036,0.0,0.0016573859077217978,0.0029428626170153738,-0.013695307480856345,0.0,0.0,0.0,-0.0795951505469653,1.4870731455960144,1,-0.00018993988067734686,1832341.7,3473.949951171875
2009-05-31,3.47,0.18,80.43000030517578,66.30999755859375,46.96900177001953,8424.3,1799610.0,-0.19999999999999973,0.0,0.0,0.018899749430433044,-0.011491058121487763,0.0,0.03612245015458848,0.01806122507729424,4.779289717296944,1.323033608192563,1,-0.00012579647975817602,1808034.3,4448.9501953125
2009-06-30,3.53,0.21,80.12999725341797,69.88999938964844,47.80099868774414,8386.4,1997319.0,0.020000000000000018,0.0,0.003632276162689685,-0.022380731877626125,-0.004747145350856963,0.0,0.0,0.0,-0.0795951505469653,1.8319542902084025,1,0.0007072965260475674,2005705.4,4291.10009765625
2009-07-31,3.52,0.16,78.3499984741211,69.44999694824219,47.625999450683594,8384.4,1854093.0,-0.1499999999999999,0.0,-0.011855245687381166,0.03749618188366477,-0.013443854058656002,0.0,-0.007364089583306588,-0.003682044791653294,-1.0701498689740652,1.2909955780087168,1,0.00034454748492759315,1862477.4,4636.4501953125
2009-08-31,3.4,0.16,78.16999816894531,69.95999908447266,48.75,8369.8,1821371.0,-0.06000000000000005,0.0,-0.0025520552587379175,-0.03821829613610073,0.004574681063071795,0.0013399373100757561,0.0,0.0006699686550378781,0.10064182374254174,1.1220618733447245,1,0.0003160652856812366,1829740.8,4662.10009765625
2009-09-30,3.31,0.15,76.6500015258789,70.61000061035156,47.810001373291016,8361.3,1790242.0,0.0,0.0,-0.006094413951819422,0.05846202337584305,-0.0053673840373476,0.0,0.0,0.0,-0.0795951505469653,0.9680873318983857,1,-0.0006520624312706216,1798603.3,5083.9501953125
2009-10-31,3.41,0.12,76.30000305175781,77.0,46.917999267578125,8408.6,1779000.0,-0.11999999999999966,0.0,0.005005333139851631,-0.03593342491408458,-0.00551108839912573,0.0,-0.003987409594641389,-0.0019937047973206945,-0.6159475867295817,0.8818171694539675,1,-0.00025911487531747786,1787408.6,4711.7001953125
2009-11-30,3.21,0.12,74.87999725341797,77.27999877929688,46.45800018310547,8523.1,1759186.0,0.0,0.0,-0.0016000366210937589,0.016173513191077182,0.0001722157165688909,0.0027884321246205435,0.0,0.0013942160623102717,0.2954810305356065,0.7719655650710944,1,-0.00019179207607263513,1767709.1,5032.7001953125
2009-12-31,3.85,0.12,77.86000061035156,79.36000061035156,46.400001525878906,8544.1,1852463.0,0.050000000000000266,0.0,-0.0006418052805474694,0.001009104847206066,-0.0021505048198084964,0.0,0.0,0.0,-0.0795951505469653,1.0202908571707465,1,0.0003499465278492606,1861007.1,5201.0498046875
2010-01-31,3.63,0.11,79.45999908447266,72.88999938964844,46.097999572753906,8432.0,1877655.0,-0.050000000000000266,0.0,0.007097560808158931,-0.010184682322328054,-0.005393976057317618,0.0,0.003909980099896071,0.0019549900499480355,0.4463421283378277,1.0457206873019826,1,0.00047140791886143564,1886087.0,4882.0498046875
2010-02-28,3.61,0.13,80.36000061035156,79.66000366210938,45.900001525878906,8528.1,1889017.0,-0.03000000000000025,0.0,-0.005322444613231059,0.019061091570499622,-0.008639259563128943,0.0,0.004330972193201887,0.0021654860966009437,0.5029704052927819,1.0286037038334703,1,0.0006153630821391245,1897545.1,4922.2998046875
2010-03-31,3.84,0.16,81.06999969482422,83.76000213623047,44.79999923706055,8576.4,1894898.0,-0.040000000000000036,0.0,-0.004909801397882663,0.01687506790457305,-0.003115251311227918,0.0,0.0,0.0,-0.0795951505469653,0.9955981553389401,1,-1.8023515747532064e-05,1903474.4,5249.10009765625
2010-04-30,3.69,0.2,81.87000274658203,86.1500015258789,44.25,8545.9,1956819.0,-0.06999999999999984,0.0,-0.0015853323587556867,0.011506438628654525,-0.004499454657067359,0.0,0.006977450263989438,0.003488725131994719,0.8589521340016512,1.1477998578522544,1,0.00045675600178153586,1965364.9,5278.0
2010-05-31,3.31,0.2,86.4800033569336,73.97000122070312,46.358001708984375,8608.3,2088450.0,0.0,0.0,0.0,0.0,0.0012527531939439118,0.004926395909456982,0.0,0.002463197954728491,0.5830617410821889,1.5178009043672631,1,0.0008497972022106069,2097058.3,5086.2998046875
2010-06-30,2.97,0.18,86.0199966430664,75.62999725341797,46.400001525878906,8575.8,2154245.0,0.0,0.0,-0.00011626335432279866,-0.004082238320014198,-0.0002154346383553829,0.0,0.0,0.0,-0.0795951505469653,1.6455890492931113,1,0.0007747171885335163,2162820.8,5312.5
2010-07-31,2.94,0.18,81.54000091552734,78.94999694824219,46.36000061035156,8554.8,2001660.0,-0.08999999999999986,0.0,-0.0012248710787444717,0.007529304916987112,-0.0021523563515203348,0.0,0.004036893838921474,0.002018446919460737,0.46341348544214883,1.0673153696931563,1,8.185121586259669e-05,2010214.8,5367.60009765625
2010-08-31,2.47,0.19,83.19999694824219,71.91999816894531,46.87300109863281,8604.5,1957926.0,-0.06999999999999984,0.0,0.0004809197254886932,-0.037215513960771274,0.001495624056676803,0.0,0.0,0.0,-0.0795951505469653,0.873682048275504,1,-0.0006247655893753516,1966530.5,5402.39990234375
2010-09-30,2.53,0.19,78.72000122070312,79.97000122070312,44.689998626708984,8622.1,1971356.0,0.009999999999999787,0.0,0.00038122732705736517,0.027099930565259056,-0.00799113466033996,0.0,0.0,0.0,-0.0795951505469653,0.8797048114486764,1,-0.00013940667458268256,1979978.1,6029.9501953125
2010-10-31,2.63,0.19,77.2699966430664,81.43000030517578,44.41999816894531,8687.1,1895679.0,-0.06000000000000005,0.0,-0.0005174093492503751,-0.009126308070271039,0.0,0.0,0.009433625689110992,0.004716812844555496,1.189335968841748,0.5488075489209644,0,-0.00020404081476132024,1904366.1,6017.7001953125
2010-11-30,2.81,0.19,81.19999694824219,84.11000061035156,45.79999923706055,8804.1,1915961.0,-0.029999999999999805,0.0,0.004453248721670633,-0.0188965669327833,0.0019689379652265693,0.0,0.0,0.0,-0.0795951505469653,0.5892437008126042,0,-7.739065481469539e-05,1924765.1,5862.7001953125
2010-12-31,3.3,0.18,79.02999877929688,91.37999725341795,44.810001373291016,8895.9,2004432.0,-0.08000000000000007,0.0,-0.006161945227046939,0.017141595929449416,-0.0024487266281845166,0.0,0.04063953349524496,0.02031976674762248,5.386889362303793,0.9097839414219462,1,0.0007729328661816914,2013327.9,6134.5
2011-01-31,3.42,0.17,77.73999786376953,92.19000244140624,45.8380012512207,8816.3,1965568.0,0.06000000000000005,0.0,-0.0049916728959231715,0.0319006740579737,0.0032831712217793463,-3.402672231933579e-05,0.0,-1.7013361159667895e-05,-0.08417213592509434,0.70526774281501,0,0.00038189632014258936,1974384.3,5505.89990234375
2011-02-28,3.42,0.16,76.88999938964844,96.97000122070312,45.25,8935.9,1952278.0,0.0,0.0,-0.005046576032722627,-0.009297058216693577,-0.0033039982563305426,0.002569280825760023,0.0,0.0012846404128800115,0.26600266112144144,0.6080014240895066,0,0.00022003287484862187,1961213.9,5333.25
2011-03-31,3.47,0.14,75.86000061035156,106.72000122070312,44.61000061035156,9013.1,1928055.0,0.0,0.0,-0.0034156874257620373,0.02349673594047852,-0.001119553005628715,0.0,0.0,0.0,-0.0795951505469653,0.4502983911173677,0,-0.00022156914007470478,1937068.1,5833.75
2011-04-30,3.32,0.1,72.93000030517578,113.93000030517578,44.29999923706055,9047.6,1894101.0,-0.020000000000000018,0.0,-0.0025985015627633112,0.009480769883374318,-0.0006768010998168261,0.0,0.003294167749891219,0.0016470838749456096,0.36350828688840187,0.2266036113598954,0,-0.0002940333344757638,1903148.6,5749.5
2011-05-31,3.05,0.09,74.63999938964844,102.6999969482422,45.08300018310547,9049.2,1900610.0,-0.020000000000000018,0.0,-0.004136058321761116,0.02097624701430445,-0.001992343920462991,0.0,0.0,0.0,-0.0795951505469653,0.20698805702836362,0,-0.00014080541002958283,1909659.2,5473.10009765625
2011-06-30,3.18,0.09,74.30000305175781,95.41999816894533,44.7599983215332,9146.9,1972174.0,0.040000000000000036,0.0,-0.005221574198693957,0.006858726906227908,-0.004005347367073586,0.0,0.0,0.0,-0.0795951505469653,0.5996004516302698,0,0.0004792827161919107,1981320.9,5647.39990234375
2011-07-31,2.82,0.07,73.9000015258789,95.6999969482422,44.0099983215332,9237.2,2000471.0,-0.16000000000000014,0.0,-0.0043115021498404404,-0.01785719878455827,-0.00045424615757827524,0.0,-0.0027865553440299395,-0.0013932776720149698,-0.45441888306159867,0.7733423892654864,1,0.0006226036783706849,2009708.2,5482.0
2011-08-31,2.23,0.1,74.12999725341797,88.80999755859375,45.939998626708984,9460.2,2071633.0,0.040000000000000036,0.0,0.002569580818749362,-0.0010124180623208856,0.0019629259669156074,0.0,0.0,0.0,-0.0795951505469653,1.3762555544019661,1,0.0010428040196447431,2081093.2,5001.0
2011-09-30,1.92,0.08,78.55000305175781,79.19999694824219,48.86000061035156,9471.2,2288571.0,-0.07000000000000006,0.0,0.008085278460178147,-0.035792579294525284,0.002256422776442335,0.0,0.04976709516874411,0.024883547584372057,6.614651352586269,3.1718527717093066,1,0.0016614088349650826,2298042.2,4943.25
2011-10-31,2.17,0.07,76.16999816894531,93.19000244140624,48.62799835205078,9551.4,2333373.0,-0.16999999999999993,0.0,0.014382765797389174,-0.0013930267235651161,-0.023338070739303496,0.0032245528164944748,0.0,0.0016122764082472374,0.3541442779407852,3.023984446481393,1,0.0013475726356509481,2342924.4,5326.60009765625
2011-11-30,2.08,0.08,78.38999938964844,100.36000061035156,51.90299987792969,9640.6,2419548.0,0.08000000000000007,0.0,-0.007721526713310944,0.005711992079313832,-0.0007700925036349116,0.0,0.0,0.0,-0.0795951505469653,3.0633511736262613,1,0.0013901068739612555,2429188.6,4832.0498046875
2011-12-31,1.89,0.07,80.16999816894531,98.83000183105467,53.0,9738.5,2735628.0,-0.020000000000000018,0.0,-0.0038519529703967548,-0.00822879761433104,0.0026484939090414272,0.0,0.0008755193022187413,0.00043775965110937065,0.03817226198597239,3.814948783894628,1,0.0016561891540527174,2745366.5,4624.2998046875
2012-01-31,1.83,0.08,79.27999877929688,98.4800033569336,52.49300003051758,9702.6,2682576.0,-0.040000000000000036,0.0,0.0015158553769110128,-0.003037005730619158,0.06286951307075239,0.0,0.0,0.0,-0.0795951505469653,2.967650923304625,1,0.0012595156701727265,2692278.6,5199.25
2012-02-29,1.98,0.1,78.7300033569336,107.06999969482422,49.06800079345703,9800.8,2692598.0,0.040000000000000036,0.0,0.005877178147393414,0.004880306224053665,-0.0021353088385804853,0.0,0.0,0.0,-0.0795951505469653,2.6193944977666317,1,0.0009547226948793619,2702398.8,5385.2001953125
2012-03-31,2.23,0.13,78.93000030517578,103.0199966430664,51.3380012512207,9890.1,2964427.0,0.04999999999999982,0.0,-0.003157362958277954,0.0023350638900558884,0.01112801005752373,0.0,-0.006175974714107246,-0.003087987357053623,-0.9103347585785229,3.0570261325184274,1,0.0009113236857793074,2974317.1,5295.5498046875
2012-04-30,1.95,0.14,78.79000091552734,104.87000274658205,52.53799819946289,9860.5,2962103.0,-0.010000000000000009,0.0,0.001143633682023415,-0.0005717865092846885,0.0025761563621868877,-0.005145538011400941,0.0,-0.0025727690057004704,-0.7717291744992643,2.6459213879585697,1,0.0010108057294246557,2971963.5,5248.14990234375
2012-05-31,1.59,0.16,83.04000091552734,86.52999877929688,56.22800064086914,9867.6,2980310.0,-0.039999999999999813,0.0,0.0003613875258989818,-0.014689147346961029,0.010059664091739196,0.0,0.0,0.0,-0.0795951505469653,2.3979546203816464,1,-0.00010551263711866913,2990177.6,4924.25
2012-06-30,1.67,0.16,81.6500015258789,84.95999908447266,56.79800033569336,9911.7,3102227.0,0.06999999999999984,0.0,-0.012338171835711509,0.09357699079169723,-0.0009146550540612974,0.0,0.014498549981490472,0.007249274990745236,1.8706265207200954,2.4167553171462255,1,0.00032060799292291944,3112138.7,5278.89990234375
2012-07-31,1.51,0.16,82.63999938964844,88.05999755859375,55.42300033569336,9997.4,3094144.0,-0.020000000000000018,0.0,-0.0018118314315753725,-0.019157955492195344,0.0031675216040509824,0.0,0.0,0.0,-0.0795951505469653,2.1624150045043407,1,0.0004293252625526156,3104141.4,5229.0
2012-08-31,1.57,0.13,81.25,96.47000122070312,55.62799835205078,10057.7,3084769.0,-0.05999999999999983,0.0,-0.005264450337526871,0.019551875083705816,8.984149217527992e-05,0.0,0.0014014177140238004,0.0007007088570119002,0.10891164495161433,1.958864678635797,1,0.00024899358457126653,3094826.7,5258.5
2012-09-30,1.65,0.14,79.94000244140625,92.19000244140624,53.007999420166016,10120.4,3082432.0,-0.010000000000000009,0.0,0.004902569134971557,0.003701730788606694,-0.009344397200758747,0.0,0.010786220474635622,0.005393110237317811,1.3712755191099177,1.805552582837491,1,4.192185130453459e-05,3092552.4,5703.2998046875
2012-10-31,1.72,0.16,79.91999816894531,86.23999786376953,53.95800018310547,10245.2,3046543.0,-0.020000000000000018,0.0,-0.0018733798732436524,-0.0004636174790598746,-0.0022189972604127473,0.0,0.0,0.0,-0.0795951505469653,1.6122495881046166,1,2.3399653443047692e-05,3056788.2,5619.7001953125
2012-11-30,1.62,0.16,80.1500015258789,88.91000366210938,54.8380012512207,10335.7,3033294.0,0.0,0.0,-0.0006233843424651164,0.00953791268531723,-0.015528748496716926,0.0,-0.0006543053688621292,-0.0003271526844310646,-0.1676067456106348,1.4870996312950981,1,3.8865332059734305e-05,3043629.7,5879.85009765625
2012-12-31,1.78,0.16,79.7699966430664,91.81999969482422,54.75299835205078,10641.1,3018198.0,0.050000000000000044,0.0,0.0011294721077552694,0.011233442828024964,-0.0034400456136189916,0.006317203029987839,0.0,0.0031586015149939195,0.7701412897594409,1.3692464167250058,1,0.00017912107795077143,3028839.1,5905.10009765625
2013-01-31,2.02,0.14,79.20999908447266,97.48999786376952,53.303001403808594,10423.7,2928781.0,-0.009999999999999787,0.0,-0.0008829426829216613,-0.0045946964102430154,-0.00846381973408672,0.0,0.0,0.0,-0.0795951505469653,1.1192474358868145,1,-0.0002821469075820704,2939204.7,6034.75
2013-02-28,1.89,0.15,81.9800033569336,92.0500030517578,53.858001708984375,10474.0,2748823.0,-0.020000000000000018,0.0,0.004656922670568608,-0.007654151230289452,-0.00425232097536854,0.0,0.0,0.0,-0.0795951505469653,0.7061466803749187,0,-0.0007738267506381412,2759297.0,5693.0498046875
2013-03-31,1.87,0.14,82.98999786376953,97.2300033569336,54.38800048828125,10607.4,2648126.0,0.0,0.0,0.0,0.0,0.0,0.0,0.002053203163431272,0.001026601581715636,0.19658428187556676,0.4607044267215576,0,-0.000925840923284509,2658733.4,5682.5498046875
2013-04-30,1.7,0.15,81.7300033569336,93.45999908447266,54.22800064086914,10557.0,2611252.0,0.0,0.0,-0.005112576520318157,-0.011005300693410991,-0.002666773119634147,0.0,0.0,0.0,-0.0795951505469653,0.34934674974125585,0,-0.000432982918885109,2621809.0,5930.2001953125
2013-05-31,2.16,0.11,83.37999725341797,91.97000122070312,56.37799835205078,10563.2,2549449.0,0.03000000000000025,0.0,0.004457235365206813,-0.017519489145982114,0.0014209743841773204,0.0,-0.004200059214077623,-0.0021000296070388114,-0.6445514055073683,0.1920388872707454,0,-0.0003961207157091695,2560012.2,5985.9501953125
2013-06-30,2.52,0.09,83.16999816894531,96.55999755859376,60.1879997253418,10584.4,2430423.0,0.029999999999999805,0.0,0.0031358641340255566,-0.005049000285993865,-0.008647266896039896,0.0,-0.04514086828341102,-0.02257043414170551,-6.151560947023807,-0.08037971920691533,0,-0.0008249348331805999,2441007.4,5842.2001953125
2013-07-31,2.6,0.09,81.44999694824219,105.02999877929688,60.80799865722656,10672.0,2396181.0,-0.029999999999999805,0.0,-0.004643833243423989,0.018917315809114932,0.023496935599661928,0.0,0.0,0.0,-0.0795951505469653,-0.18056082592547062,0,-0.0006530414258447702,2406853.0,5742.0
2013-08-31,2.78,0.08,82.08999633789062,107.6500015258789,67.38999938964844,10722.2,2360639.0,0.029999999999999805,0.0,0.001708351371103367,-0.010569866669321915,0.0005939260049532269,0.0,-8.175084038164471e-05,-4.0875420190822354e-05,-0.09059157851804629,-0.2882423573189138,0,-0.0005711494502399106,2371361.2,5471.7998046875
2013-09-30,2.64,0.08,80.22000122070312,102.33000183105467,62.90999984741211,10852.3,2338044.0,0.0,0.0,-0.0006228407182523599,-0.005249352591713774,0.019115508082393706,0.006492121347022373,0.0,0.0032460606735111863,0.7936698145441822,-0.3679120472159448,0,-0.00019248544625898774,2348896.3,5735.2998046875
2013-10-31,2.57,0.09,80.19999694824219,96.37999725341795,61.31999969482422,10921.8,2318744.0,0.020000000000000018,0.0,0.005642594962284475,-0.004030168473467599,-0.0021155584459103816,0.0,0.0,0.0,-0.0795951505469653,-0.44991724671691197,0,-9.98933594389434e-05,2329665.8,6299.14990234375
2013-11-30,2.75,0.08,80.68000030517578,92.72000122070312,62.41299819946289,10967.1,2290956.0,0.009999999999999787,0.0,-0.0007430958655086917,0.00455035920973712,-0.002030743751283204,0.0,-0.0011532084264002096,-0.0005766042132001048,-0.23471494304515775,-0.5526583694003158,0,-0.00010598244279893161,2301923.1,6176.10009765625
2013-12-31,3.04,0.09,80.04000091552734,98.41999816894533,61.779998779296875,11153.4,2285399.0,0.04999999999999982,0.0,0.0005000114440918413,-0.00876223928451958,0.0017836973182683291,0.0,0.0,0.0,-0.0795951505469653,-0.5949261399214051,0,-6.192811177944401e-05,2296552.4,6304.0
2014-01-31,2.67,0.07,81.2699966430664,97.48999786376952,62.310001373291016,11057.9,2217061.0,-0.050000000000000266,0.0,0.002219759690526457,-0.007533395784128705,-0.002529249137635192,0.0,-0.0019065446478092607,-0.0009532723239046303,-0.336047326395078,-0.7939718928498888,-1,-0.0002666726574274201,2228118.9,6089.5
2014-02-28,2.66,0.07,79.77999877929688,102.58999633789062,62.02000045776367,11161.4,2181079.0,0.010000000000000231,0.0,-0.006352000627911747,0.001855418058404057,-0.0020917307308689903,0.0,-0.0017250627961304943,-0.0008625313980652471,-0.31163593073568807,-0.916838317987078,-1,-0.0003208373160856509,2192240.4,6276.9501953125
2014-03-31,2.73,0.08,80.0999984741211,101.58000183105467,59.84000015258789,11329.1,2152103.0,0.0,0.0,-0.000997777884138018,-0.000885180874510394,-0.0066071054263084905,0.004156990657850468,0.0,0.002078495328925234,0.47956788841517517,-1.0275361501643046,-1,-0.0003777155155458965,2163432.1,6704.2001953125
2014-04-30,2.67,0.09,79.48999786376953,99.73999786376952,60.417999267578125,11245.2,2169061.0,-0.040000000000000036,0.0,-0.004009518915086829,-0.015205380470859176,-0.003710276256842393,0.0,0.0,0.0,-0.0795951505469653,-1.0328196590971768,-1,-8.286982736585661e-05,2180306.2,6696.39990234375
2014-05-31,2.48,0.09,80.37000274658203,102.70999908447266,58.900001525878906,11265.5,2197095.0,0.029999999999999805,0.0,-0.0014908078068357478,-0.008399331253160724,0.001189863889945908,0.0,0.015421538854023531,0.0077107694270117655,1.9947791362471878,-1.0121600599828344,-1,0.00012654189975251455,2208360.5,7229.9501953125
2014-06-30,2.53,0.1,79.77999877929688,105.37000274658205,60.03799819946289,11357.7,2088099.0,-0.010000000000000231,0.0,-0.0032484024644735543,-0.0034991027488402437,-0.0006991283340821441,0.00471497823856204,0.0,0.00235748911928102,0.5546236335476769,-1.338963296933334,-1,-0.00030946813328755946,2099456.7,7611.35009765625
2014-07-31,2.58,0.09,81.45999908447266,98.16999816894533,60.25,11379.1,2044312.0,0.010000000000000231,0.0,0.0004912910393874981,-0.020943438161232786,0.0034976529192281003,0.0,0.0,0.0,-0.0795951505469653,-1.4727416503496844,-1,-0.00042185939320410205,2055691.1,7721.2998046875
2014-08-31,2.35,0.09,82.75,95.95999908447266,60.61000061035156,11398.6,2038716.0,0.010000000000000231,0.0,0.0032734800203388925,0.014912702138602851,0.002679968630729501,0.0,0.012765403605231818,0.006382701802615909,1.6374984060622368,-1.4806648956354542,-1,-0.0004920731574456207,2050114.6,7954.35009765625
2014-09-30,2.52,0.09,85.94000244140625,91.16000366210938,61.553001403808594,11466.7,2038235.0,0.020000000000000018,0.0,0.004089334250393817,-0.03605790466023939,0.006787937325606341,0.0,0.0,0.0,-0.0795951505469653,-1.4309924153151188,-1,-0.00010407105438212753,2049701.7,7964.7998046875
2014-10-31,2.35,0.09,86.87999725341797,80.54000091552734,61.43299865722656,11541.0,2052070.0,0.03000000000000025,0.0,0.008473542827736047,-0.007149923710759842,0.0024476234659869256,0.0,0.009487977811699633,0.004743988905849816,1.1966469542497409,-1.3428014460715527,-1,0.00016268461654011986,2063611.0,8322.2001953125
2014-11-30,2.18,0.09,88.36000061035156,66.1500015258789,61.85300064086914,11596.4,2053892.0,-0.06000000000000005,0.0,0.008560666530932348,-0.10232054099228305,0.0010520237473370386,0.0,0.010194450524182663,0.005097225262091332,1.2916756568304932,-1.2812635606033398,-1,0.00023841319921732532,2065488.4,8588.25
2014-12-31,2.17,0.12,90.2699966430664,53.27000045776367,63.37799835205078,11816.1,2150247.0,-0.03000000000000025,0.0,0.003111443337522335,-0.015705810992178715,-0.004476695340661974,0.0,0.0,0.0,-0.0795951505469653,-0.9760612299845915,-1,0.000569814659403986,2162063.1,8282.7001953125
2015-01-31,1.68,0.11,94.8000030517578,48.2400016784668,61.79600143432617,11703.5,2181954.0,-0.09000000000000008,0.0,0.0002110600624452008,0.0833146867476402,0.007253340323825519,0.0,0.010259302267436432,0.005129651133718216,1.3003989619385496,-0.8512724890621197,-1,0.0007014607871061266,2193657.5,8808.900390625
2015-02-28,2.0,0.11,95.25,49.7599983215332,61.75400161743164,11867.0,2155836.0,-0.029999999999999805,0.0,-0.0004197808284502891,0.033008100747924596,-0.0019877706760085267,0.0,-0.005516206798247381,-0.0027581033991236903,-0.8215883881373914,-0.8724949367053069,-1,0.0005748608921167649,2167703.0,8844.599609375
2015-03-31,1.94,0.11,98.36000061035156,47.599998474121094,62.50899887084961,11987.4,2250801.0,-0.020000000000000018,0.0,0.003878314353936707,-0.022185740022270695,-9.598526525489426e-05,0.0,0.0,0.0,-0.0795951505469653,-0.5895371347327057,0,0.00024141184066553504,2262788.4,8491.0
2015-04-30,2.05,0.12,94.5999984741211,59.630001068115234,63.44200134277344,11879.8,2360790.0,-0.010000000000000231,0.0,-0.005466823564401535,0.017924192629572788,0.006488670864308155,0.0,0.0,0.0,-0.0795951505469653,-0.2684504154475455,0,0.0008478724242709808,2372669.8,8181.5
2015-05-31,2.12,0.12,96.91000366210938,60.29999923706055,63.82500076293945,11900.2,2416666.0,-0.009999999999999787,0.0,-0.0006187228817002843,0.04542300482008943,-0.0007671319465754056,0.0,0.0058741680204348334,0.0029370840102174167,0.7105479871282587,-0.08180178484671864,0,0.0010188476562504535,2428566.2,8433.650390625
2015-06-30,2.35,0.13,95.48999786376952,59.470001220703125,63.7239990234375,11975.9,2539544.0,0.020000000000000018,0.0,0.007384712960030182,0.019543962864090103,0.00441332164143815,0.0,0.0,0.0,-0.0795951505469653,0.3088319038708851,0,0.0005978469370180141,2551519.9,8368.5
2015-07-31,2.2,0.13,97.37000274658205,47.119998931884766,64.11799621582031,11978.7,2536592.0,-0.07999999999999963,0.0,-0.0019474663465177677,-0.028854111967653417,0.0036785498143050432,0.0,0.0045276356855152855,0.0022638178427576428,0.5294239061702002,0.36316234107542306,0,0.0005843521142838611,2548570.7,8532.849609375
2015-08-31,2.21,0.14,95.9499969482422,49.20000076293945,66.14299774169922,12105.8,2558780.0,0.020000000000000018,0.0,-0.001664797222903469,0.08801414053067647,0.0013321843330087457,0.00292448531543843,0.0,0.001462242657719215,0.3137817489879215,0.5027410291931502,0,0.0005188114396155741,2570885.8,7971.2998046875
2015-09-30,2.06,0.14,96.3499984741211,45.09000015258789,65.91999816894531,12103.0,2620631.0,0.010000000000000231,0.0,0.004797153899265938,-0.003095277273166941,-0.005131360644784033,0.0,0.0,0.0,-0.0795951505469653,0.7901311084421031,1,0.00040039317284890075,2632734.0,7948.89990234375
2015-10-31,2.16,0.12,96.9499969482422,46.59000015258789,65.44400024414062,12162.4,2664996.0,-0.029999999999999805,0.0,-0.003392288601928972,0.011506703506183769,0.007667925741154047,0.0,0.004433459104420834,0.002216729552210417,0.5167560732068546,1.0405318412296571,1,0.0004814306576669573,2677158.4,8065.7998046875
2015-11-30,2.21,0.12,100.16999816894533,41.650001525878906,66.9000015258789,12335.5,2706740.0,-0.010000000000000231,0.0,0.0014997153660605278,-0.0014384454545837144,0.005138418755853191,0.002796497874173909,0.0,0.0013982489370869544,0.2965659665874232,1.3062717039938079,1,0.0005388166101623469,2719075.5,7935.25
2015-12-31,2.27,0.24,98.62999725341795,37.040000915527344,66.45500183105469,12483.9,2767815.0,-0.040000000000000036,0.0,0.0036633827480336834,0.012021925129788391,0.0029429473066315825,0.0,0.0,0.0,-0.0795951505469653,1.6650304039467858,1,0.0006120870980610196,2780298.9,7946.35009765625
2016-01-31,1.94,0.34,99.61000061035156,33.619998931884766,68.09300231933594,12443.5,2808331.0,-0.06000000000000005,0.0,0.01116636331608123,0.012040869851996261,-0.001510305992469041,0.0,0.004939655261874343,0.0024698276309371714,0.5848452764332631,1.8999282196491845,1,0.0005369897103420988,2820774.5,7563.5498046875
2016-02-29,1.74,0.38,98.20999908447266,33.75,68.7300033569336,12580.4,2850299.0,-0.020000000000000018,0.0,0.0006112843368415444,0.029591252496194542,-0.0009737883371629952,0.0022306491188937017,0.0,0.0011153245594468508,0.22045280309067553,2.0192756379479633,1,0.0005164496525374235,2862879.4,6987.0498046875
2016-03-31,1.78,0.36,94.58999633789062,38.34000015258789,66.36799621582031,12755.8,2897696.0,-0.050000000000000044,0.0,-0.002636018659356698,0.00052193261803124,0.0,0.0,0.0,0.0,-0.0795951505469653,2.085120009304304,1,0.0005016358322630986,2910451.8,7738.39990234375
2016-04-30,1.83,0.37,93.08000183105467,45.91999816894531,66.43800354003906,12714.8,3000759.0,-0.010000000000000009,0.0,-0.007252562816581265,-0.0023897591411851105,0.0012508504092600958,0.0,0.005891693536735687,0.0029458467683678435,0.7129053705723758,2.2828598338758703,1,0.0006961118143029105,3013473.8,7849.7998046875
2016-05-31,1.84,0.37,95.88999938964844,49.099998474121094,67.13300323486328,12711.0,3067481.0,-0.010000000000000009,0.0,0.0038735632284896404,-0.00466254507188768,0.0016263003743894888,0.0,0.0,0.0,-0.0795951505469653,2.2890803098862658,1,0.0006085046949424291,3080192.0,8160.10009765625
2016-06-30,1.49,0.38,96.13999938964844,48.33000183105469,67.41600036621094,12760.4,3131095.0,-0.010000000000000009,0.0,0.003863451598113965,-0.03107456302865541,-0.004268539354963741,0.0,0.0,0.0,-0.0795951505469653,2.250550397168953,1,0.00043443029040667047,3143855.4,8287.75
2016-07-31,1.46,0.39,95.52999877929688,41.599998474121094,67.00700378417969,12827.8,3284309.0,-0.06000000000000005,0.0,-0.012507743551706252,0.011181309948886442,-0.0008350320281426127,0.0,0.0056558224872145235,0.0028279112436072618,0.6811780024570858,2.415207543287203,1,0.0007747073904943298,3297136.8,8638.5
2016-08-31,1.58,0.4,96.0199966430664,44.70000076293945,67.12660217285156,12950.9,3330487.0,0.010000000000000009,0.0,-0.0003124040368350789,-0.03559865729235989,0.0005456228492930482,0.0,0.0,0.0,-0.0795951505469653,2.2761105112760416,1,0.0007436986786482293,3343437.9,8786.2001953125
2016-09-30,1.6,0.4,95.45999908447266,48.2400016784668,66.81629943847656,12961.7,3438145.0,0.040000000000000036,0.0,-0.000837364771698268,0.008572022406779567,0.007288967243526345,0.0,0.013782795433864736,0.006891397716932368,1.7743493045936753,2.284384545352933,1,0.0005483737878320118,3451106.7,8611.150390625
2016-10-31,1.84,0.4,98.4499969482422,46.86000061035156,66.78140258789062,13101.6,3507401.0,-0.020000000000000018,0.0,0.001016761318480608,-0.03778234340374231,-0.0018175162587765747,0.003900173937030127,0.0,0.0019500869685150635,0.4450230866848657,2.2027070713186396,1,0.0006151172222556308,3520502.6,8638.0
2016-11-30,2.37,0.41,101.5,49.439998626708984,68.60800170898438,13210.7,3566230.0,0.07000000000000028,0.0,0.0056474754096973445,0.09307979498300245,0.0007658830591608101,0.0,0.0,0.0,-0.0795951505469653,2.111456947018284,1,0.0006402330201458501,3579440.7,8224.5
2016-12-31,2.45,0.54,102.38999938964844,53.720001220703125,67.93299865722656,13322.1,3662901.0,-0.040000000000000036,0.0,-0.002824317439281576,-0.0009298723569812761,-0.003988023847604105,0.0,-0.006187956289537833,-0.0030939781447689163,-0.9119464182334871,2.0959685174127682,1,0.0006561481808073958,3676223.1,8185.7998046875
2017-01-31,2.45,0.65,99.51000213623048,52.810001373291016,67.82099914550781,13207.3,3740766.0,-0.040000000000000036,0.0,-0.009160591119682482,0.0034201083321814263,-0.004243157572367262,0.0,0.0,0.0,-0.0795951505469653,2.0457974370375527,1,0.0005281659695662216,3753973.3,8561.2998046875
2017-02-28,2.36,0.66,101.12000274658205,54.0099983215332,66.69319915771484,13349.6,3808242.0,0.0,0.0,-9.88283111573729e-05,-0.0007400724531354541,0.0008733701450986953,0.0,0.0,0.0,-0.0795951505469653,1.9849467459353984,1,0.0005409910086458774,3821591.6,8879.599609375
2017-03-31,2.4,0.79,100.3499984741211,50.599998474121094,64.79000091552734,13497.6,4100730.0,-0.020000000000000018,0.0,-0.0005976016910645976,0.004965243447395462,0.00015440161190105606,0.0,0.05769689585113591,0.028848447925567955,7.681300718169171,2.2515780318944407,1,0.0010121542094305473,4114227.6,9173.75
2017-04-30,2.29,0.9,99.0500030517578,49.33000183105469,64.05999755859375,13496.6,4148032.0,-0.009999999999999787,0.0,-0.0003027733018013956,0.007351451937464226,0.0006248190819246879,0.0,0.002085810545398248,0.001042905272699124,0.20097034965727342,2.114975412293039,1,0.000977335974357039,4161528.6,9304.0498046875
2017-05-31,2.21,0.91,96.91999816894533,48.31999969482422,64.61859893798828,13482.0,4195685.0,0.0,0.0,-0.0037006642153470937,-0.026983490872034777,0.0017052085024833463,0.0,0.0,0.0,-0.0795951505469653,2.001340499151393,1,0.0008006424322780315,4209167.0,9621.25
2017-06-30,2.31,1.04,95.66000366210938,46.040000915527344,64.78510284423828,13479.2,4209510.0,0.040000000000000036,0.0,0.0003137761116096538,0.024705110233967487,0.004234892801356249,0.0,-0.008628993323363532,-0.004314496661681766,-1.2402939653888856,1.8684178984493818,1,0.00010853687697284046,4222989.2,9520.900390625
2017-07-31,2.3,1.15,92.86000061035156,50.16999816894531,64.12349700927734,13610.9,4248280.0,0.0,0.0,-0.004289100543817481,0.00925365304656256,-0.0009581763909901619,0.0042424779022238734,0.0,0.0021212389511119367,0.4910669056828854,1.7894620083808925,1,0.0002511048496204778,4261890.9,10077.099609375
2017-08-31,2.12,1.16,92.66999816894533,47.22999954223633,63.976200103759766,13657.1,4278881.0,-0.029999999999999805,0.0,-0.002260972121905347,0.027632734618411536,-0.00016567547542722938,0.0,0.0,0.0,-0.0795951505469653,1.71228748473316,1,0.00016561214455744673,4292538.1,9917.900390625
2017-09-30,2.33,1.15,93.08000183105467,51.66999816894531,65.36000061035156,13645.8,4318624.0,0.020000000000000018,0.0,-0.0001073639191011555,0.0021333745679703586,-0.0025181367674166344,0.0,-0.002215002919219944,-0.001107501459609972,-0.3775385104344939,1.6573205322556757,1,0.0002372608406111217,4332269.8,9788.599609375
2017-10-31,2.38,1.15,94.5500030517578,54.380001068115234,64.84239959716797,13744.3,4371222.0,0.009999999999999787,0.0,0.0006350427489139054,0.004247452183845368,-0.0004778265208654764,0.0,0.0,0.0,-0.0795951505469653,1.6256224575258107,1,0.0002694023146206648,4384966.3,10335.2998046875
2017-11-30,2.42,1.16,93.01000213623048,57.400001525878906,64.41480255126953,13837.1,4427474.0,0.04999999999999982,0.0,-0.002680677613912219,0.0017452406657918473,-0.0008561915369696971,0.0,0.0,0.0,-0.0795951505469653,1.604174215192835,1,0.00029959526862422724,4441311.1,10226.5498046875
2017-12-31,2.4,1.3,92.12000274658205,60.41999816894531,64.06199645996094,13968.4,4471563.0,-0.03000000000000025,0.0,-0.005183539259703052,0.009692480195161446,-0.0008266615546210776,0.0,-0.0035034555423726355,-0.0017517277711863177,-0.5508502023817016,1.5680090109857228,1,0.00037361010139691785,4485531.4,10530.7001953125
2018-01-31,2.72,1.41,89.12999725341797,64.7300033569336,63.769901275634766,13779.9,4493058.0,-0.009999999999999787,0.0,-0.0006727793064890131,0.0035659435183503785,0.00157849791777398,0.0,0.0,0.0,-0.0795951505469653,1.5090266699483195,1,0.00018113267438151873,4506837.9,11027.7001953125
2018-02-28,2.87,1.42,90.61000061035156,61.63999938964844,64.91000366210938,13876.5,4511540.0,-0.029999999999999805,0.0,0.0027667109153532987,-0.0217425641704323,0.002000613127211448,0.0,0.0,0.0,-0.0795951505469653,1.4568079096917168,1,0.00011161264348243845,4525416.5,10492.849609375
2018-03-31,2.74,1.51,90.1500015258789,64.94000244140625,65.02999877929688,14030.5,4529579.0,0.0,0.0,0.0,0.0,-0.001829671881653061,0.0,-0.002091396655527822,-0.001045698327763911,-0.3609120467905795,1.4072514889321697,1,0.00013915268962721346,4543609.5,10113.7001953125
2018-04-30,2.95,1.69,91.83999633789062,68.56999969482422,66.61000061035156,13952.0,4554344.0,-0.009999999999999787,0.0,0.0032772058047072505,0.006901633351456438,-0.004334841687786306,-0.0066003545821555765,0.0,-0.0033001772910777882,-0.9674187301876773,1.3678328252883498,1,0.00016505575997523744,4568296.0,10739.349609375
2018-05-31,2.83,1.7,93.98999786376952,67.04000091552734,67.43000030517578,13996.7,4562651.0,-0.009999999999999787,0.0,-0.0016994546948085887,-0.017152883516335482,-0.010274430888914665,0.0,0.0,0.0,-0.0795951505469653,1.3114226971648968,1,4.2046432615496415e-05,4576647.7,10736.150390625
2018-06-30,2.85,1.82,94.62999725341795,74.1500015258789,68.79669952392578,14025.7,4592518.0,0.010000000000000231,0.0,-0.007967314614669707,0.00953035543527636,-0.006402344793769998,0.0,0.0015149694552760717,0.0007574847276380359,0.12418565972433328,1.2842571698892427,1,1.736431261263327e-05,4606543.7,10714.2998046875
2018-07-31,2.96,1.91,94.48999786376952,68.76000213623047,68.68499755859375,14108.3,4612006.0,-0.020000000000000018,0.0,0.0013776732998844743,-0.01953508014889771,0.0010201806748313391,0.0,0.0,0.0,-0.0795951505469653,1.2486711516324671,1,0.00016653614082399367,4626114.3,11356.5
2018-08-31,2.86,1.91,95.13999938964844,69.80000305175781,71.40499877929688,14168.7,4621355.0,0.0,0.0,0.004434102233241033,-0.00640565050878561,0.006980610515071817,0.0,0.00041520211229206794,0.00020760105614603397,-0.023745692609337208,1.2042696389674308,1,0.00010461863029179545,4635523.7,11680.5
2018-09-30,3.05,1.95,95.19000244140624,73.25,72.94999694824219,14150.6,4619792.0,-0.010000000000000231,0.0,0.0020000256990129195,0.015668291879973983,0.0024735510990701037,0.0,-0.005602669581974862,-0.002801334790987431,-0.8332186266646014,1.1480641629753696,1,3.0655459258498625e-05,4633942.6,10930.4501953125
2018-10-31,3.15,2.19,97.12999725341795,65.30999755859375,73.6500015258789,14190.0,4624792.0,0.029999999999999805,0.0,0.0012369355174217667,-0.013146006989576686,0.0008072018244047463,0.0,0.0,0.0,-0.0795951505469653,1.105084907991535,1,3.142590020958069e-05,4638982.0,10386.599609375
2018-11-30,3.01,2.2,97.2699966430664,50.93000030517578,69.91999816894531,14260.4,4660299.0,-0.020000000000000018,0.0,0.005063007542363662,-0.010106908650198476,-0.009631732576099727,0.0,0.002885370024818812,0.001442685012409406,0.3085202926670015,1.11026276633261,1,4.841572443556874e-05,4674559.4,10876.75
2018-12-31,2.69,2.27,96.16999816894533,45.40999984741211,69.92250061035156,14570.4,4669003.0,-0.03000000000000025,0.0,-0.0022824071179187166,0.0017647918183540945,-0.000964384276012531,0.003270696623952407,0.0,0.0016353483119762036,0.3603511505876444,1.0785145324333862,1,0.00026494652713772253,4683573.4,10862.5498046875
2019-01-31,2.63,2.4,95.58000183105467,53.790000915527344,71.12000274658203,14365.6,4708899.0,-0.07000000000000028,0.0,0.0025173641953315506,-0.008113565008723622,-0.006981289874690266,0.0,0.0,0.0,-0.0795951505469653,1.099012646398849,1,0.00019821883331732905,4723264.6,10830.9501953125
2019-02-28,2.73,2.4,96.16000366210938,57.220001220703125,71.19000244140625,14415.3,4692062.0,0.040000000000000036,0.0,0.00010402637620110511,0.004917502647476368,0.003524104756078783,0.0,0.0,0.0,-0.0795951505469653,1.0328361270058344,1,7.280759854184453e-05,4706477.3,10792.5
2019-03-31,2.41,2.41,97.27999877929688,60.13999938964844,69.5,14574.5,4695785.0,0.020000000000000018,0.0,0.0008230641313422549,0.014165264138197742,0.0018739692701594812,0.0,0.00401989829343008,0.00200994914671504,0.4611273891653049,1.0057531853528308,1,6.053090179857409e-06,4710359.5,11570.0
2019-04-30,2.51,2.42,97.4800033569336,63.90999984741211,69.81179809570312,14517.5,4697616.0,-0.03000000000000025,0.0,-0.003883070213038353,0.006456690510426855,-0.00043247289179293436,0.0,0.0,0.0,-0.0795951505469653,0.9760323785610899,1,5.5599501225156446e-05,4712133.5,11748.150390625
2019-05-31,2.14,2.39,97.75,53.5,69.9800033569336,14608.9,4685961.0,-0.08000000000000007,0.0,-0.003973908621091482,-0.05460328934893255,0.002363401987500069,0.0,-0.001418185506762093,-0.0007090927533810465,-0.2703574069584831,0.9235508489158932,1,1.925944866629503e-05,4700569.9,11922.7998046875
2019-06-30,2.0,2.38,96.12999725341795,58.470001220703125,69.32499694824219,14703.6,4692614.0,-0.009999999999999787,0.0,-0.0006238193831509253,-0.016153442361484416,-0.003986982703709896,0.0,0.0021214347339557627,0.0010607173669778813,0.20576221261149055,0.9119605362413491,1,-3.282468086222105e-05,4707317.6,11788.849609375
2019-07-31,2.02,2.4,98.5199966430664,58.58000183105469,69.07749938964844,14836.5,4685716.0,-0.040000000000000036,0.0,0.004793407207346112,0.009130105098360985,0.0018492015525679584,0.0,0.0,0.0,-0.0795951505469653,0.8675680436376461,1,0.00014103969810137968,4700552.5,11118.0
2019-08-31,1.5,2.13,98.91999816894533,55.099998474121094,71.6801986694336,14879.9,4683714.0,0.0,0.0,0.004161973645557815,-0.028390065885089855,-0.005615598532014987,0.0,0.0005795768896439402,0.0002897884448219701,-0.001635395137481717,0.8383072873008516,1,6.750253112906372e-05,4698593.9,11023.25
2019-09-30,1.68,2.04,99.37999725341795,54.06999969482422,70.49870300292969,15064.1,4638104.0,-0.010000000000000009,0.0,0.002724211899946205,-0.0329100368021743,-0.010058181166820113,0.005352411588438244,0.0,0.002676205794219122,0.6403657480697482,0.6902178466332226,0,2.224538525650114e-05,4653168.1,11474.4501953125
2019-10-31,1.69,1.83,97.3499984741211,54.18000030517578,70.98999786376953,15127.1,4680875.0,-0.09000000000000008,0.0,-0.0030722278245771673,-0.01598258347559922,0.0014869250690938696,0.0,0.0,0.0,-0.0795951505469653,0.7912631108793756,1,9.365743147184968e-05,4696002.1,11877.4501953125
2019-11-30,1.78,1.55,98.2699966430664,55.16999816894531,71.54740142822266,15279.9,4698291.0,0.010000000000000009,0.0,-0.0014226909240211416,-0.050593743082537945,0.0044827501255890745,0.0,0.00037474467857223637,0.00018737233928611818,-0.02918768260868162,0.8353371295299467,1,0.0001882020325397915,4713570.9,12056.0498046875
2019-12-31,1.92,1.55,96.38999938964844,61.060001373291016,71.31099700927734,15498.5,4691998.0,0.020000000000000018,0.0,-0.003617929314139068,-0.010051863307671494,-2.8136954862589825e-05,0.0,0.0,0.0,-0.0795951505469653,0.8055609140642953,1,0.0001772155607545382,4707496.5,12168.4501953125
2020-01-31,1.51,1.55,97.38999938964844,51.560001373291016,71.63999938964844,15342.8,4671365.0,-0.06000000000000005,0.0,-0.004904499269061002,-0.011123859285517623,0.0047685318841266255,0.0,-0.0006426535859705984,-0.0003213267929852992,-0.16603944684400143,0.7154727959730892,0,1.7271945345124587e-05,4686707.8,11962.099609375
2020-02-29,1.13,1.58,98.12999725341795,44.7599983215332,71.93000030517578,15380.3,4691852.0,-0.17000000000000015,0.0,-0.00314917899532563,-0.04947975840952801,0.0037201914391096214,0.0,0.0007574172392088574,0.0003787086196044287,0.02228617661900346,0.8277050052604925,1,-3.2071320109526104e-05,4707232.3,11201.75
2020-03-31,0.7,0.65,99.0500030517578,20.479999542236328,75.4000015258789,16662.4,5062687.0,0.0,0.0,-0.0013107204377695858,0.01941261257771565,-0.0008612577375702868,0.0,0.0,0.0,-0.0795951505469653,2.6336021614223606,1,0.0012888128573015957,5079349.4,8597.75
2020-04-30,0.64,0.05,99.0199966430664,18.84000015258789,75.25849914550781,17368.0,5347042.0,0.010000000000000009,0.0,-0.005523782800477384,0.25099599121175853,-0.015778424771661914,0.0,0.0,0.0,-0.0795951505469653,3.453281027499303,1,0.0021530426631879624,5364410.0,9859.900390625
2020-05-31,0.65,0.05,98.33999633789062,35.4900016784668,75.95999908447266,17830.7,5596070.0,-0.04999999999999993,0.0,-0.00040659602199710765,0.05280340084061397,-0.002232998490456106,0.0,0.007343289514328388,0.003671644757164194,0.9081617194513659,3.6444557125452453,1,0.002622694016105917,5613900.7,9580.2998046875
2020-06-30,0.66,0.08,97.38999938964844,39.27000045776367,75.69999694824219,18206.4,6236143.0,0.020000000000000018,0.0,-0.0015378462627738676,-0.010831241735823616,0.0010605714211919803,0.0,0.0,0.0,-0.0795951505469653,4.217419928522562,1,0.002224550642969524,6254349.4,10302.099609375
2020-07-31,0.55,0.09,93.48999786376952,40.27000045776367,74.98999786376953,18157.9,6360822.0,0.0,0.0,0.005052690149050187,0.008767592807422453,0.002122085687850328,0.0,0.0014804565719881424,0.0007402282859940712,0.11954328010623637,3.5615928250292024,1,0.0016009480258318452,6378979.9,11073.4501953125
2020-08-31,0.72,0.1,92.13999938964844,42.61000061035156,73.12830352783203,18425.0,6440237.0,-0.020000000000000018,0.0,-0.002490022194376551,-0.008377952062475491,-0.00875904920602566,0.006506099126511122,0.0,0.003253049563255561,0.7955499865965565,3.1032945652991915,1,0.0012897068377952015,6458662.0,11387.5
2020-09-30,0.69,0.09,93.88999938964844,40.220001220703125,73.84500122070312,18533.7,6534815.0,0.029999999999999916,0.0,0.0,0.02367015229078917,-0.0017573133639664507,0.0,0.0,0.0,-0.0795951505469653,2.8113252166879033,1,0.000386457288952267,6553348.7,11247.5498046875
2020-10-31,0.88,0.09,94.04000091552734,35.790000915527344,74.26399993896484,18683.2,6775763.0,0.030000000000000027,0.0,0.0008514456346766508,-0.010505868749095648,-0.0023643537972737327,0.0,-0.0008938596911598484,-0.0004469298455799242,-0.1998295562632266,2.764657560239882,1,0.0006855676735817754,6794446.2,11642.400390625
2020-11-30,0.84,0.09,91.87000274658205,45.34000015258789,73.94090270996094,19088.7,6883402.0,0.0,0.0,0.0008715745751906034,-0.004173042648869529,-0.0014570783179080893,0.004208599220357101,0.0,0.0021042996101785505,0.48650983344773835,2.560535204716378,1,0.0007690599161002555,6902490.7,12968.9501953125
2020-12-31,0.93,0.09,89.94000244140625,48.52000045776367,73.13400268554688,19328.2,7014661.0,0.0,0.0,0.0034587213822150353,0.0024793166963146263,-0.0043509827362893105,0.0,0.0,0.0,-0.0795951505469653,2.423805488712243,1,0.0006378730257678683,7033989.2,13981.75
2021-01-31,1.11,0.09,90.58000183105467,52.20000076293945,72.93879699707031,19310.4,7033256.0,0.040000000000000036,0.0,0.0013265835484914668,-0.0026748068253782398,-0.001345956317893915,0.0,0.0012835552315979548,0.0006417776157989774,0.09305778592780405,2.2017966511456626,1,0.00047835939350672393,7052566.4,13634.599609375
2021-02-28,1.44,0.08,90.93000030517578,61.5,73.1509017944336,19564.7,7110487.0,-0.10000000000000009,0.0,0.00887610203191791,-0.03195338923819424,0.010371550452057399,0.0,0.0013135883874730858,0.0006567941937365429,0.09709759070269512,2.0799284453450566,1,0.00042921398204083343,7130051.7,14529.150390625
2021-03-31,1.74,0.07,93.2300033569336,59.15999984741211,73.44529724121094,20129.4,7505021.0,0.010000000000000009,0.0,-0.000750264657391031,-0.022956224726055297,0.009669800782973192,0.0,0.0,0.0,-0.0795951505469653,2.2546821327971154,1,0.0009239541461912359,7525150.4,14690.7001953125
2021-04-30,1.65,0.07,91.27999877929688,63.58000183105469,74.10579681396484,20163.1,7567945.0,0.0,0.0,0.0073943070790440935,-0.02199661987672563,-0.0027721208074252823,0.0,0.001278730081447188,0.000639365040723594,0.09240874775480355,2.101754406206066,1,0.000911872780905996,7588108.1,14631.099609375
2021-05-31,1.58,0.06,90.02999877929688,66.31999969482422,72.39350128173828,20295.4,7657629.0,0.0,0.0,0.0,0.0,-0.0039830136460597965,0.0023409719478468816,0.0,0.0011704859739234408,0.23529249203437377,1.9969228976514835,1,0.0008477841577574955,7677924.4,15582.7998046875
2021-06-30,1.45,0.08,92.44000244140624,73.47000122070312,74.28759765625,20362.0,7877127.0,-0.040000000000000036,0.0,0.004236821039855343,0.006714138684990489,2.9578700706300864e-05,0.0,0.0,0.0,-0.0795951505469653,2.004664708268863,1,0.0004299137249552859,7897489.0,15721.5
2021-07-31,1.24,0.1,92.16999816894533,73.94999694824219,74.25199890136719,20556.1,7987364.0,-0.040000000000000036,0.0,0.0033746740315048207,0.004482398659995557,-0.0018550946284918712,0.0,-8.525239905388116e-05,-4.262619952694058e-05,-0.09106257841903824,1.9253935202122767,1,0.0005397285062045186,8007920.1,15763.0498046875
2021-08-31,1.3,0.09,92.62999725341795,68.5,73.41120147705078,20818.0,8191312.0,0.010000000000000009,0.0,-0.00021591227341066777,-0.010258620052950529,-0.0011619015864269278,0.0,0.0,0.0,-0.0795951505469653,1.9208804290377195,1,0.0006969594873115733,8212130.0,17132.19921875
2021-09-30,1.52,0.08,94.25,75.02999877929688,74.3219985961914,20869.3,8273207.0,-0.030000000000000027,0.0,-0.0009539574028420983,0.002672683995033509,0.0021398594262243,0.0,0.0,0.0,-0.0795951505469653,1.8310409194539463,1,0.0004740068789568508,8294076.3,17618.150390625
2021-10-31,1.55,0.08,94.12000274658205,83.56999969482422,74.79720306396484,21063.7,8366071.0,-0.020000000000000018,0.0,0.008248572951765176,0.009177661618607225,-0.003368420753009471,0.0,-0.0002637340681082012,-0.0001318670340541006,-0.11507041502049316,1.7606644407346175,1,0.0005174926252229687,8387134.7,17671.650390625
2021-11-30,1.43,0.08,95.98999786376952,66.18000030517578,75.05490112304688,21406.1,8456991.0,-0.09000000000000008,0.0,-0.003632950876327312,-0.05389559410354117,0.0009776161712855558,0.0,0.0,0.0,-0.0795951505469653,1.6974429971501146,1,0.00042624477378773267,8478397.1,16983.19921875
2021-12-31,1.52,0.08,95.66999816894533,75.20999908447266,74.43119812011719,21776.1,8566372.0,0.0,0.0,-0.0031260086270904486,-0.023119870485598715,-0.0018653421836821726,0.0,0.006351273943564939,0.0031756369717824695,0.7747242193698333,1.6531102746798303,1,0.0005232376265185939,8588148.1,17354.05078125
2022-01-31,1.79,0.08,96.54000091552734,88.1500015258789,75.03900146484375,21551.6,8622576.0,0.010000000000000009,0.0,-0.007504839649761563,0.015319072054016392,-0.0022642907421945857,-0.0005194130632385496,0.0,-0.0002597065316192748,-0.1494621795643659,1.5803583735135582,1,0.0003406861017634164,8644127.6,17339.849609375
2022-02-28,1.83,0.08,96.70999908447266,95.72000122070312,75.06800079345703,21687.1,8671293.0,-0.1399999999999999,0.0,0.000931446236103417,0.045092314094830055,-0.0045127857710662855,0.00391621340122672,0.0,0.00195810670061336,0.4471805790349036,1.5121386179693006,1,0.0002496857618804203,8692980.1,16793.900390625
2022-03-31,2.32,0.2,98.30999755859376,100.27999877929688,75.82779693603516,21883.2,8710615.0,-0.03000000000000025,0.0,0.005317482750773372,-0.06993137578249586,0.002129003388457784,0.0,0.0,0.0,-0.0795951505469653,1.4460369044557464,1,0.0001894368776527729,8732498.2,17464.75
2022-04-30,2.89,0.33,102.95999908447266,104.69000244140624,76.58899688720703,21640.3,8783589.0,0.040000000000000036,0.0,-0.006369461924485065,-0.006359132166514958,0.0015273315425838874,0.0,-0.0008337013267556426,-0.0004168506633778213,-0.19173756457310295,1.406935768993338,1,0.00018360640429093317,8805229.3,17102.55078125
2022-05-31,2.85,0.77,101.75,114.66999816894533,77.5208969116211,21558.8,8813834.0,0.10999999999999988,0.0,0.0007868774711861093,-0.0034761582249042133,-0.002202342946443614,0.0,0.0,0.0,-0.0795951505469653,1.3472525812153662,1,2.8261867743527755e-05,8835392.8,16584.55078125
2022-06-30,2.98,1.21,104.69000244140624,105.76000213623048,78.89830017089844,21564.3,8835987.0,-0.1200000000000001,0.0,-0.003995796465669166,-0.036618661757760074,-0.002211827119331544,0.0,0.0,0.0,-0.0795951505469653,1.2889588138953392,1,-0.00010623631744711519,8857551.3,15780.25
2022-07-31,2.67,1.68,105.9000015258789,98.62000274658205,79.57150268554688,21557.4,8764480.0,-0.010000000000000231,0.0,-0.004231283071919223,0.022816890887945362,-0.00345526812295871,0.0,-0.00043406430857750866,-0.00021703215428875433,-0.1379817907552702,1.1796769430074987,1,-6.40661739250444e-05,8786037.4,17158.25
2022-08-31,3.15,2.33,108.6999969482422,89.55000305175781,79.68229675292969,21509.4,8750036.0,0.040000000000000036,0.0,-0.0006435570192570017,-0.022806594847344708,-0.003571512732893689,0.0,0.0,0.0,-0.0795951505469653,1.1132716399057416,1,-0.00012120599623951326,8771545.4,17759.30078125
2022-09-30,3.83,2.56,112.12000274658205,79.48999786376953,81.48059844970703,21397.3,8810111.0,0.07000000000000028,0.0,-0.001158104707509655,-0.021420724132169333,0.000637307724343783,0.0,0.003730274983312132,0.001865137491656066,0.42216972397690944,1.1003314574430862,1,-6.735843818771367e-05,8831508.3,17094.349609375
2022-10-31,4.1,3.08,111.52999877929688,86.52999877929688,82.23919677734375,21383.6,8770670.0,0.08000000000000007,0.0,0.0077708559192231075,-0.015585924036402687,-0.002465966981195389,0.002386008334622325,0.0,0.0011930041673111624,0.24135040386674073,1.0258227019753872,1,-6.73491854564621e-05,8792053.6,18012.19921875
2022-11-30,3.68,3.78,105.9499969482422,80.55000305175781,81.63089752197266,21393.0,8471442.0,-0.06999999999999984,0.0,-0.008144567956071325,0.030051230117962957,-0.00023761762679885834,0.0,0.0,0.0,-0.0795951505469653,0.775154525481942,1,-0.0003423946359358804,8492835.0,18758.349609375
2022-12-31,3.88,4.1,103.5199966430664,80.26000213623047,82.83509826660156,21440.7,7955797.0,0.04999999999999982,0.0,-0.0030816612683898237,0.02372449711927116,-0.0002039674289339155,0.0,-0.003722985345863794,-0.001861492672931897,-0.5803794850205882,0.3519206660713894,0,-0.0008053522144973902,7977237.7,18105.30078125
2023-01-31,3.52,4.33,102.0999984741211,78.87000274658203,81.57990264892578,21136.1,7893991.0,-0.029999999999999805,0.0,-0.0017598778580765195,0.012451876786945704,0.0008821147765738502,0.0,0.0,0.0,-0.0795951505469653,0.25244072598947775,0,-0.0009624369402029283,7915127.1,17662.150390625
2023-02-28,3.92,4.57,104.87000274658205,77.05000305175781,82.6520004272461,21127.8,7839385.0,0.0,0.0,0.00191081094043688,0.01810257321693398,-0.0032079746578742574,0.0,0.0,0.0,-0.0795951505469653,0.14649503883109039,0,-0.0007605889325716042,7860512.8,17303.94921875
2023-03-31,3.48,4.65,102.51000213623048,75.66999816894531,82.10050201416016,20906.3,7729612.0,-0.06999999999999984,0.0,0.0036225058624734796,0.01748010453614013,-0.0018831541045766231,0.0,-0.013566880013210936,-0.006783440006605468,-1.9044964990971291,-0.02594605683625039,0,-0.0004487218192476929,7750518.3,17359.75
2023-04-30,3.44,4.83,101.66999816894533,76.77999877929688,81.76509857177734,20699.3,7719816.0,-0.08999999999999986,0.0,0.0016748588073431936,0.027019751007838266,-2.2020366786557055e-05,0.0,0.0007251541373842763,0.0003625770686921381,0.017946418474849676,-0.11356423164180941,0,-0.0003651585450349909,7740515.3,18065.0
2023-05-31,3.64,5.06,104.31999969482422,68.08999633789062,82.68389892578125,20761.6,7713658.0,-0.04999999999999982,0.0,0.0014399685947543706,-0.019723621719544338,0.0012618388626783883,0.0,0.0,0.0,-0.0795951505469653,-0.2058442385420668,0,-0.0002878948829337415,7734419.6,18534.400390625
2023-06-30,3.81,5.08,102.91000366210938,70.63999938964844,82.07540130615234,20688.4,7219695.0,-0.040000000000000036,0.0,-0.0041609511420467316,0.011165169946782072,0.0005962027003609816,0.0,-0.06366710169510648,-0.03183355084755324,-8.643552348409873,-0.89644726374079,-1,-0.0006619226239403965,7240383.4,19189.05078125
2023-07-31,3.97,5.12,101.86000061035156,81.80000305175781,82.25279998779297,20721.5,7189296.0,0.010000000000000231,0.0,0.0023617187294120434,0.015140248113433952,-0.0014822576885171745,0.002069762605966474,0.0,0.001034881302983237,0.19881171729065875,-1.0140496082311032,-1,-0.0005738659200614633,7210017.5,19753.80078125
2023-08-31,4.09,5.33,103.62000274658205,83.62999725341797,82.70040130615234,20669.0,7154855.0,-0.03000000000000025,0.0,0.004459083638455041,0.024500797100250438,0.002493538874726031,0.0,0.0,0.0,-0.0795951505469653,-1.139565341313098,-1,-0.0006872681259852529,7175524.0,19253.80078125
2023-09-30,4.59,5.33,106.16999816894533,90.79000091552734,83.19300079345703,20620.3,7066454.0,0.0,0.0,-0.0004707498699223489,-0.01003160154977123,-0.00035688859153770736,0.0,-0.01057521567542452,-0.00528760783771226,-1.502083248657853,-1.3367774436769075,-1,-0.00023063709098706438,7087074.3,19638.30078125
2023-10-31,4.88,5.33,106.66000366210938,81.0199966430664,83.29650115966797,20599.2,7019671.0,0.0,0.0,0.0050885874627883965,-0.01567246936933797,-0.0014014245285512983,0.0,0.0,0.0,-0.0795951505469653,-1.4407022358997517,-1,-0.00024037677861461123,7040270.2,19079.599609375
2023-11-30,4.37,5.33,103.5,75.95999908447266,83.3302993774414,20755.9,6995799.0,0.10000000000000053,0.0,0.00710327314176129,-0.02440279361655051,-0.0010525182651887066,0.0,0.0,0.0,-0.0795951505469653,-1.4929144328817239,-1,-0.0001833175087975388,7016554.9,20133.150390625
2023-12-31,3.88,5.33,101.33000183105467,71.6500015258789,82.302001953125,20950.5,6935489.0,0.040000000000000036,0.0,0.0009878343455989036,-0.0016719398467338609,-0.011591535933944686,0.0,0.005264984965571928,0.002632492482785964,0.6286058620965129,-1.5731703885247388,-1,-5.0730337211409475e-05,6956439.5,21731.400390625
2024-01-31,3.99,5.33,103.2699966430664,75.8499984741211,83.10970306396484,20762.2,6887588.0,-0.0699999999999994,0.0,-0.001257300588916932,-0.025314844878290943,-0.0005218806825516564,0.0,0.0,0.0,-0.0795951505469653,-1.6245162300946898,-1,-0.00011587385004107238,6908350.2,21725.69921875
2024-02-29,4.25,5.33,104.16000366210938,78.26000213623047,82.91190338134766,20811.7,6830940.0,-0.019999999999999574,0.0,0.0017311050140851325,-0.003565046804596128,-0.0004375385042161284,0.0,0.0,0.0,-0.0795951505469653,-1.668388876518509,-1,-0.00022332491044763463,6851751.7,21982.80078125
2024-03-31,4.2,5.33,104.5500030517578,83.16999816894531,83.39299774169922,21062.0,6619689.0,0.0,0.0,0.0,0.0,0.0003358709128193915,0.0,-0.027940105375068303,-0.013970052687534151,-3.837860568089217,-1.855068742399215,-1,-0.0003140772340383698,6640751.0,22326.900390625
2024-04-30,4.69,5.33,106.22000122070312,81.93000030517578,83.45110321044922,20871.7,6598860.0,0.0600000000000005,0.0,0.006061748234031716,-0.008471462804184426,0.0005851785622481565,0.0,0.0,0.0,-0.0795951505469653,-1.767066107444452,-1,-0.000332055601466776,6619731.7,22604.849609375
2024-05-31,4.51,5.33,104.66999816894533,76.98999786376953,83.3208999633789,20888.2,6560665.0,-0.040000000000000036,0.0,-0.00047749284926390523,-0.011808570852208544,-0.0005361998503509158,0.0,-0.002589356122667197,-0.0012946780613335984,-0.4278933204674367,-1.7029556074452388,-1,-0.0003460877183553294,6581553.2,22530.69921875
2024-06-30,4.36,5.33,105.87000274658205,81.54000091552734,83.45089721679688,20988.1,6522003.0,0.07000000000000028,0.0,-0.00037768779288260834,-0.0024467452100440656,-0.001549422412494672,0.0,-0.002266240587735613,-0.0011331202938678064,-0.38443056596087577,-1.6357899377555383,-1,-0.0001703556140619909,6542991.1,24010.599609375
2024-07-31,4.09,5.33,104.0999984741211,77.91000366210938,83.73899841308594,20986.0,6475497.0,-0.0600000000000005,0.0,-0.004304204347214902,0.04255319366154864,-0.0001373738242376188,0.0,0.0,0.0,-0.0795951505469653,-1.5807346555434432,-1,-0.00012357554614412977,6496483.0,24951.150390625
2024-08-31,3.91,5.33,101.6999969482422,73.55000305175781,83.89510345458984,21089.3,6473096.0,0.040000000000000036,0.0,0.0035524040197441042,-0.03108945457118406,-0.0005526985979397159,0.0,0.0021612797748800094,0.0010806398874400047,0.21112182873877175,-1.481239030699251,-1,-6.530038446143915e-05,6494185.3,25235.900390625
2024-09-30,3.81,5.13,100.77999877929688,68.16999816894531,83.71640014648438,21198.4,6398397.0,0.06000000000000005,0.0,0.0035849493817545763,-0.00014670190944121586,0.001187515060638189,0.0022031221929104117,0.0,0.0011015610964552058,0.21675011505190533,-1.466765707874316,-1,-8.731258454309498e-05,6419595.4,25810.849609375
2024-10-31,4.28,4.83,103.9800033569336,69.26000213623047,84.08910369873047,21221.9,6414443.0,-0.009999999999999787,0.0,-9.611027061484645e-05,0.009473859788609929,-2.3589713904481613e-06,0.0,0.0,0.0,-0.0795951505469653,-1.3606030309024164,-1,-3.348855481590252e-05,6435664.9,24205.349609375
2024-11-30,4.18,4.64,105.73999786376952,68.0,84.47160339355469,21406.2,6372760.0,-0.07000000000000028,0.0,-0.0032051655487964625,-0.01047731676241892,0.0006076743010343666,0.0,-0.0019288728904715002,-0.0009644364452357501,-0.3390507317547037,-1.3232239708450695,-1,-2.3233345108716885e-05,6394166.2,24131.099609375
2024-12-31,4.58,4.48,108.48999786376952,71.72000122070312,85.7865982055664,21660.4,6357247.0,0.03000000000000025,0.0,0.003329331540699476,0.010283186067063577,0.0046915959432130006,0.0,0.0,0.0,-0.0795951505469653,-1.2640642761291307,-1,4.053016187966219e-05,6378907.4,23644.80078125
2025-01-31,4.58,4.33,108.37000274658205,72.52999877929688,86.64700317382812,21477.4,6393680.0,0.0600000000000005,0.0,0.005287566592651949,-0.0027499596920842473,7.388062704660747e-05,0.0,-0.002246228742052603,-0.0011231143710263014,-0.38173874262799884,-1.1590104830207397,-1,1.719880094535146e-05,6415157.4,23508.400390625
2025-02-28,4.24,4.33,107.61000061035156,69.76000213623047,87.3270034790039,21520.3,6319531.0,-0.04999999999999982,0.0,0.0034502308276065374,-0.008386586363717696,0.001890757111631114,0.0,-0.004735260405461905,-0.0023676302027309526,-0.7165421192862008,-1.1744554322398992,-1,-6.224644630610417e-05,6341051.3,22124.69921875
2025-03-31,4.23,4.33,104.20999908447266,71.4800033569336,85.53880310058594,21912.6,6246998.0,-0.03999999999999915,0.0,0.0016339693142000122,0.030565206573334835,-0.0018215484372521296,0.003972344783032877,0.0,0.0019861723915164387,0.45473089526489113,-1.1899179780317946,-1,-0.00012421036415856586,6268910.6,23519.349609375
2025-04-30,4.17,4.33,99.47000122070312,58.209999084472656,85.1707992553711,21703.2,6329947.0,-0.020000000000000462,0.0,0.002317647741683082,-0.03657727824309254,0.00012327395190037116,0.0,0.0,0.0,-0.0795951505469653,-1.0474872456700388,-1,-4.053511076257399e-06,6351650.2,24334.19921875
2025-05-31,4.41,4.33,99.33000183105467,60.790000915527344,85.36129760742188,21699.0,6274536.0,-0.019999999999999574,0.0,0.0005036568530683017,-0.0024613999764007133,-0.0002881599499485743,0.0,-0.0030921522377350685,-0.0015460761188675343,-0.49552517890059616,-1.0618441169717732,-1,5.11522523467071e-06,6296235.0,24750.69921875
2025-06-30,4.24,4.33,96.87999725341795,65.11000061035156,85.4552993774414,21949.2,6232169.0,-0.04999999999999982,0.0,-0.005338852816370698,-0.00625757102748925,-0.0024641834423331233,0.00419076202327795,0.0,0.002095381011638975,0.4841105253553545,-1.068026358629305,-1,-0.00016470996460688688,6254118.2,25517.05078125
2025-07-31,4.37,4.33,100.02999877929688,69.26000213623047,87.714599609375,21883.6,6121778.0,-0.009999999999999787,0.0,0.0009005036591169802,-0.010571398053850434,0.007481894656185206,0.0,0.0,0.0,-0.0795951505469653,-1.1594110546271366,-1,-0.00018856334280528778,6143661.6,24768.349609375
2025-08-31,4.23,4.33,97.7699966430664,64.01000213623047,87.5916976928711,21971.9,6089393.0,0.010000000000000675,0.0,-0.0004089655099254186,-0.009133070461711856,-0.0007689526594969465,0.0,0.0008602668010484482,0.0004301334005242241,0.03612062521117032,-1.166064170179815,-1,-0.0001568436115730117,6111364.9,24426.849609375
2025-09-30,4.16,4.22,97.7699966430664,62.369998931884766,88.70449829101562,22063.0,6070838.0,0.009999999999999787,0.0,-0.0014299562231264717,-0.017021305249305896,0.00031231055955549536,0.0,0.0,0.0,-0.0795951505469653,-1.1742934396966993,-1,-8.017845416871394e-05,6092901.0,24611.099609375
2025-10-31,4.11,4.09,99.8000030517578,60.97999954223633,88.6344985961914,22097.0,6170944.0,0.0,0.0,0.0027127928842805016,0.0067690250863108314,0.0032701378990043217,0.0,-0.003944068635671871,-0.0019720343178359356,-0.6101177294304891,-1.0283312574576682,-1,0.00012046808102612697,6193041.0,25722.099609375
2025-11-30,4.02,3.88,99.45999908447266,58.54999923706055,89.36479949951172,22265.7,6143717.0,0.019999999999999574,0.0,-0.0014056163834662572,-0.001705068818697919,0.0022632423852162464,0.0,-0.0014157014784571542,-0.0007078507392285771,-0.27002327659106584,-1.0641595871705334,-1,0.00013457835062266794,6165982.7,26202.94921875
2025-12-31,4.18,3.72,98.27999877929688,57.41999816894531,89.76940155029297,22634.5,6163751.0,0.040000000000000036,0.0,0.0004071754519257009,-0.009145860000283057,-0.0014527249540517984,0.0,0.0,0.0,-0.0795951505469653,-0.9937111931493856,-1,9.813248820730313e-05,6186385.5,26129.599609375
2026-01-31,4.26,3.64,96.98999786376952,65.20999908447266,91.78189849853516,22384.7,6289997.0,0.019999999999999574,0.0,0.007374315470237702,-0.0032100136097579224,-0.002812920984896161,0.0,0.0018410630159921837,0.0009205315079960918,0.16804899293910938,-0.7290515207991298,0,0.00022707787372183708,6312381.7,25320.650390625
2026-02-28,4.04,3.64,97.6999969482422,65.41999816894531,90.91799926757812,22462.7,6234456.0,0.0,0.0,-0.0018389896835583341,-0.0031997423931283686,-0.001121776213566461,0.0,0.0,0.0,-0.0795951505469653,-0.8078970863165613,-1,0.0001537704799566525,6256918.7,25496.55078125
